{"train_losses": [1.254948377609253, 0.6749424934387207, 0.5446043014526367, 0.503268837928772, 0.468080997467041], "test_losses": [0.5238547325134277, 0.4326799213886261, 0.358682781457901, 0.3124242424964905, 0.3345569670200348]}